ResourcesFullName,AssetBundleName,AssetBundleVariant,ObjectName
assetbundlemanifest,Android,
Assets/KSwordKit/Examples/ExamplesLitJson/LitJsonScene.unity,kswordkit__examples__exampleslitjson__litjsonscene_unity,unity
assets/resources/textures/loading/bg1.png,resources__textures__loading,png
assets/resources/textures/loading/log.png,resources__textures__loading,png
assets/resources/textures/loading/q.png,resources__textures__loading,png
assets/resources/textures/loading/wz.png,resources__textures__loading,png
assets/resources/textures/投资/投资一键投资.png,resources__textures__投资,png
assets/resources/textures/投资/投资具体框.png,resources__textures__投资,png
assets/resources/textures/投资/投资图标.png,resources__textures__投资,png
assets/resources/textures/投资/投资按钮亮.png,resources__textures__投资,png
assets/resources/textures/投资/投资按钮灰.png,resources__textures__投资,png
assets/resources/textures/投资/投资标题.png,resources__textures__投资,png
assets/resources/textures/投资/投资界面.png,resources__textures__投资,png
assets/resources/textures/称号提升/yin.png,resources__textures__称号提升,png
assets/resources/textures/称号提升/称号提升.png,resources__textures__称号提升,png
assets/resources/textures/称号提升/称号提升1.png,resources__textures__称号提升,png
assets/resources/textures/称号提升/称号提升2.png,resources__textures__称号提升,png
assets/resources/textures/称号提升/称号提升3.png,resources__textures__称号提升,png
assets/resources/textures/解锁/1.png,resources__textures__解锁,png
assets/resources/textures/解锁/2.png,resources__textures__解锁,png
assets/resources/textures/解锁/3.png,resources__textures__解锁,png
assets/resources/textures/解锁/4.png,resources__textures__解锁,png
assets/resources/textures/解锁/5.png,resources__textures__解锁,png
assets/resources/textures/解锁/图层 142.png,resources__textures__解锁,png
assets/resources/textures/解锁/矩形 8.png,resources__textures__解锁,png
assets/resources/textures/解锁/解锁新功能.png,resources__textures__解锁,png
assets/resources/textures/败家之路/1.png,resources__textures__败家之路,png
assets/resources/textures/败家之路/10.png,resources__textures__败家之路,png
assets/resources/textures/败家之路/11.png,resources__textures__败家之路,png
assets/resources/textures/败家之路/12.png,resources__textures__败家之路,png
assets/resources/textures/败家之路/2.png,resources__textures__败家之路,png
assets/resources/textures/败家之路/3.png,resources__textures__败家之路,png
assets/resources/textures/败家之路/4.png,resources__textures__败家之路,png
assets/resources/textures/败家之路/5.png,resources__textures__败家之路,png
assets/resources/textures/败家之路/6.png,resources__textures__败家之路,png
assets/resources/textures/败家之路/7.png,resources__textures__败家之路,png
assets/resources/textures/败家之路/8.png,resources__textures__败家之路,png
assets/resources/textures/败家之路/9.png,resources__textures__败家之路,png
assets/resources/textures/败家之路/按钮.png,resources__textures__败家之路,png
assets/resources/textures/败家之路/按钮灰.png,resources__textures__败家之路,png
assets/resources/textures/败家之路/条.png,resources__textures__败家之路,png
assets/resources/textures/败家之路/败.png,resources__textures__败家之路,png
assets/resources/textures/败家之路/败家之路图标.png,resources__textures__败家之路,png
assets/resources/textures/败家之路/败家之路图片背景.png,resources__textures__败家之路,png
assets/resources/textures/败家之路/败家之路标题.png,resources__textures__败家之路,png
assets/resources/textures/败家之路/败家之路标题背景.png,resources__textures__败家之路,png
assets/resources/textures/败家之路/败家之路进度条.png,resources__textures__败家之路,png
assets/resources/textures/败家之路/败家之路进度框.png,resources__textures__败家之路,png
assets/resources/textures/败家之路/转圈.png,resources__textures__败家之路,png
assets/resources/textures/通用/4room.png,resources__textures__通用,png
assets/resources/textures/通用/4字广告.png,resources__textures__通用,png
assets/resources/textures/通用/4字黄.png,resources__textures__通用,png
assets/resources/textures/通用/di.png,resources__textures__通用,png
assets/resources/textures/通用/di长.png,resources__textures__通用,png
assets/resources/textures/通用/gb.png,resources__textures__通用,png
assets/resources/textures/通用/kuang.png,resources__textures__通用,png
assets/resources/textures/通用/room1.png,resources__textures__通用,png
assets/resources/textures/通用/room10.png,resources__textures__通用,png
assets/resources/textures/通用/room2.png,resources__textures__通用,png
assets/resources/textures/通用/room3.png,resources__textures__通用,png
assets/resources/textures/通用/room4.png,resources__textures__通用,png
assets/resources/textures/通用/room5.png,resources__textures__通用,png
assets/resources/textures/通用/room6.png,resources__textures__通用,png
assets/resources/textures/通用/room7.png,resources__textures__通用,png
assets/resources/textures/通用/room8.png,resources__textures__通用,png
assets/resources/textures/通用/room9.png,resources__textures__通用,png
assets/resources/textures/通用/事件.png,resources__textures__通用,png
assets/resources/textures/通用/动效.png,resources__textures__通用,png
assets/resources/textures/通用/按钮.png,resources__textures__通用,png
assets/resources/textures/通用/短.png,resources__textures__通用,png
assets/resources/textures/通用/红点.png,resources__textures__通用,png
assets/resources/textures/通用/背景光效.png,resources__textures__通用,png
assets/resources/textures/通用/视屏.png,resources__textures__通用,png
assets/resources/textures/通用/面板.png,resources__textures__通用,png
assets/resources/textures/随机事件/随机事件名字.png,resources__textures__随机事件,png
assets/resources/textures/随机事件/随机事件图标.png,resources__textures__随机事件,png
assets/resources/textures/随机事件/随机事件标题.png,resources__textures__随机事件,png
assets/resources/textures/随机事件/随机事件框.png,resources__textures__随机事件,png
assets/resources/textures/随机事件/事件图/101.png,resources__textures__随机事件__事件图,png
assets/resources/textures/随机事件/事件图/102.png,resources__textures__随机事件__事件图,png
assets/resources/textures/随机事件/事件图/103.png,resources__textures__随机事件__事件图,png
assets/resources/textures/随机事件/事件图/201.png,resources__textures__随机事件__事件图,png
assets/resources/textures/随机事件/事件图/202.png,resources__textures__随机事件__事件图,png
assets/resources/textures/随机事件/事件图/203.png,resources__textures__随机事件__事件图,png
assets/resources/textures/随机事件/事件图/301.png,resources__textures__随机事件__事件图,png
assets/resources/textures/随机事件/事件图/302.png,resources__textures__随机事件__事件图,png
assets/resources/textures/随机事件/事件图/303.png,resources__textures__随机事件__事件图,png
assets/resources/textures/随机事件/事件图/304.png,resources__textures__随机事件__事件图,png
assets/resources/textures/随机事件/事件图/305.png,resources__textures__随机事件__事件图,png
assets/resources/textures/随机事件/事件图/306.png,resources__textures__随机事件__事件图,png
assets/resources/textures/随机事件/事件图/307.png,resources__textures__随机事件__事件图,png
assets/resources/textures/随机事件/事件图/308.png,resources__textures__随机事件__事件图,png
assets/resources/textures/随机事件/事件图/309.png,resources__textures__随机事件__事件图,png
assets/resources/textures/随机事件/事件图/310.png,resources__textures__随机事件__事件图,png
assets/resources/textures/随机事件/事件图/401.png,resources__textures__随机事件__事件图,png
assets/resources/textures/随机事件/事件图/402.png,resources__textures__随机事件__事件图,png
assets/resources/textures/随机事件/事件图/403.png,resources__textures__随机事件__事件图,png
assets/resources/textures/随机事件/事件图/404.png,resources__textures__随机事件__事件图,png
assets/resources/textures/随机事件/事件图/405.png,resources__textures__随机事件__事件图,png
assets/resources/textures/随机事件/事件图/406.png,resources__textures__随机事件__事件图,png
assets/resources/textures/随机事件/事件图/407.png,resources__textures__随机事件__事件图,png
assets/resources/textures/随机事件/事件图/408.png,resources__textures__随机事件__事件图,png
assets/resources/textures/随机事件/事件图/409.png,resources__textures__随机事件__事件图,png
assets/resources/textures/随机事件/事件图/410.png,resources__textures__随机事件__事件图,png
assets/resources/textures/黑卡福袋/di-1.png,resources__textures__黑卡福袋,png
assets/resources/textures/黑卡福袋/fudai.png,resources__textures__黑卡福袋,png
assets/resources/textures/黑卡福袋/heikad.png,resources__textures__黑卡福袋,png
assets/resources/textures/黑卡福袋/heikafud.png,resources__textures__黑卡福袋,png
assets/resources/textures/黑卡福袋/heikatu.png,resources__textures__黑卡福袋,png
assets/resources/textures/黑卡福袋/suom.png,resources__textures__黑卡福袋,png
